umur,durasi_sosmed,screen_time,frekuensi_buka,jumlah_platform,jam_tidur,aktivitas_fisik,label
35,2.2,5.2,36,4,4.7,1,Sedang
36,9.1,11.3,80,7,4.2,1,Tinggi
21,3.6,6.0,76,4,7.6,3,Rendah
32,5.6,7.4,40,1,7.8,1,Rendah
37,5.6,6.7,32,6,4.5,2,Sedang
18,4.9,6.3,38,1,7.6,3,Rendah
18,11.7,12.9,75,5,8.1,3,Sedang
26,7.4,10.2,10,4,7.9,1,Sedang
22,10.5,12.0,63,6,4.8,2,Tinggi
21,8.4,11.2,92,2,7.0,1,Sedang
32,9.0,9.7,53,5,8.9,3,Sedang
37,7.1,9.8,12,4,8.1,2,Rendah
27,3.9,4.7,77,6,5.1,2,Sedang
27,10.7,13.3,23,5,4.7,3,Sedang
32,6.9,9.9,59,7,5.8,1,Sedang
31,6.4,9.4,19,3,7.1,3,Rendah
28,7.6,9.1,81,8,6.6,3,Sedang
15,8.5,9.0,73,5,7.8,2,Sedang
18,4.2,4.8,5,5,8.9,1,Rendah
31,11.0,14.5,43,4,4.8,1,Tinggi
32,11.5,14.7,5,6,6.4,1,Sedang
26,10.7,14.0,44,4,4.3,3,Sedang
17,1.9,3.8,13,3,4.6,2,Rendah
32,2.8,4.9,82,7,8.8,3,Rendah
39,9.0,9.8,44,7,9.0,3,Sedang
26,5.8,7.9,20,4,5.1,2,Rendah
15,7.5,8.4,33,1,4.4,3,Rendah
16,3.5,7.1,47,2,6.6,2,Rendah
36,6.3,8.5,97,8,5.2,2,Sedang
40,5.5,5.9,89,7,5.8,2,Sedang
29,10.5,10.7,88,2,4.3,3,Sedang
25,9.8,10.2,29,4,6.7,1,Sedang
28,3.0,4.9,14,8,8.0,3,Rendah
18,1.6,5.6,6,2,8.6,1,Rendah
20,5.5,7.4,56,1,4.8,1,Sedang
27,3.9,7.0,63,5,6.1,3,Rendah
40,7.1,10.0,24,4,5.5,1,Sedang
33,9.1,9.3,45,1,4.3,2,Sedang
31,11.1,13.2,12,2,8.3,1,Sedang
34,1.7,5.1,56,2,8.7,3,Rendah
22,7.4,7.6,15,7,7.3,3,Rendah
31,4.5,5.5,90,6,5.2,2,Sedang
19,8.4,9.6,45,2,4.0,3,Sedang
33,12.0,12.2,32,5,4.7,2,Tinggi
17,10.7,12.2,25,8,8.2,3,Sedang
24,7.7,11.6,88,1,7.3,3,Rendah
24,11.2,11.6,22,5,4.6,1,Tinggi
38,7.1,8.2,82,4,7.6,1,Sedang
36,8.0,9.1,67,5,8.5,1,Tinggi
17,8.0,11.3,10,1,5.7,1,Sedang
35,11.8,12.3,61,7,6.8,1,Tinggi
17,11.4,13.9,24,1,8.2,3,Rendah
32,2.6,3.1,44,6,8.5,1,Rendah
26,3.3,4.3,18,6,7.9,2,Rendah
34,9.2,12.9,35,3,8.9,1,Sedang
28,1.3,4.2,47,7,8.0,3,Rendah
40,3.7,4.3,94,2,5.9,1,Rendah
30,3.4,6.7,63,6,5.5,1,Sedang
22,1.3,2.1,47,5,8.3,2,Rendah
26,8.1,9.7,73,6,8.7,1,Tinggi
23,3.0,6.9,38,1,4.5,2,Rendah
26,9.0,10.3,82,2,5.9,3,Sedang
21,3.8,6.6,5,4,5.8,1,Rendah
36,11.1,13.5,89,2,7.6,2,Sedang
31,4.4,6.0,56,5,6.8,1,Sedang
28,8.3,9.8,100,3,7.1,2,Sedang
27,7.0,7.0,41,4,6.1,3,Rendah
34,8.2,10.1,61,4,6.6,3,Sedang
20,8.2,9.3,89,6,4.5,1,Tinggi
36,4.4,7.6,23,1,4.2,2,Rendah
34,10.3,10.6,58,4,7.6,2,Sedang
30,5.4,6.0,93,1,8.5,1,Sedang
39,5.7,6.4,94,8,4.3,1,Tinggi
18,6.0,9.2,90,6,8.8,2,Sedang
34,10.0,13.6,59,8,8.5,3,Sedang
30,6.0,9.0,86,5,7.8,3,Sedang
30,7.9,9.0,14,5,5.2,2,Sedang
25,10.8,11.1,24,4,5.9,1,Sedang
37,3.4,5.1,47,8,6.1,1,Rendah
28,5.3,8.4,94,1,8.3,3,Rendah
27,6.2,10.0,43,7,8.3,2,Sedang
32,9.2,11.4,82,4,6.4,2,Sedang
28,6.3,7.9,90,7,7.6,2,Sedang
19,11.8,13.5,55,1,4.4,2,Sedang
19,10.5,11.2,38,7,5.6,2,Sedang
25,4.7,8.2,40,7,5.3,1,Sedang
30,1.2,3.4,49,4,7.3,3,Rendah
16,9.3,13.1,30,1,7.1,1,Sedang
19,6.2,6.7,32,8,7.5,2,Sedang
20,7.7,11.6,96,2,7.9,1,Sedang
24,2.2,2.3,44,7,6.0,3,Rendah
21,1.8,4.6,85,4,4.5,2,Sedang
36,7.6,8.1,77,1,5.7,2,Sedang
36,5.1,7.1,48,1,8.2,2,Rendah
18,5.8,7.2,63,3,6.2,3,Rendah
31,11.6,12.5,73,8,6.3,3,Sedang
33,4.0,7.4,16,5,8.4,1,Rendah
39,6.1,8.5,53,6,4.1,2,Sedang
20,6.4,7.8,38,6,5.4,3,Sedang
37,10.7,12.9,71,4,4.4,3,Sedang
28,6.4,9.4,93,8,7.2,2,Sedang
29,9.7,10.1,33,7,7.5,2,Sedang
36,7.4,9.3,72,6,6.1,3,Sedang
32,4.6,7.4,39,5,5.3,1,Sedang
38,3.1,3.6,73,3,5.0,3,Rendah
30,4.0,6.4,72,5,8.9,1,Sedang
24,3.5,4.2,6,3,5.4,1,Rendah
32,4.2,8.0,86,8,4.5,1,Sedang
33,4.1,6.0,48,3,8.8,2,Rendah
30,2.3,2.6,67,2,6.9,3,Rendah
16,2.7,5.9,43,2,9.0,1,Rendah
32,9.4,11.8,84,4,7.9,2,Sedang
29,11.0,12.2,80,7,5.5,3,Sedang
16,7.7,10.7,31,4,5.3,1,Sedang
20,3.6,5.8,25,1,6.0,3,Rendah
34,6.2,6.3,41,5,7.5,2,Sedang
17,8.6,12.3,85,4,6.1,3,Sedang
22,8.1,11.7,23,2,4.3,2,Sedang
34,9.2,11.5,41,8,4.6,3,Sedang
24,8.7,12.5,69,8,6.2,3,Sedang
16,10.8,13.7,82,5,4.1,1,Tinggi
36,10.2,12.5,7,5,6.9,1,Sedang
30,6.7,8.5,40,3,9.0,2,Rendah
35,10.0,13.9,65,6,6.0,2,Tinggi
36,2.2,2.8,57,8,5.4,2,Rendah
39,7.1,8.9,45,5,5.6,2,Sedang
31,10.1,10.1,74,8,6.1,1,Tinggi
31,5.0,8.0,85,8,7.8,1,Sedang
23,7.0,10.7,61,8,4.6,3,Sedang
34,9.8,12.6,44,1,6.8,1,Sedang
22,11.9,14.7,64,2,7.2,1,Sedang
30,11.3,12.4,95,5,6.1,2,Sedang
30,3.7,5.9,54,4,8.6,3,Rendah
38,10.7,14.2,40,7,5.7,3,Sedang
23,10.0,11.1,43,8,8.3,2,Sedang
32,6.3,7.6,74,7,6.3,2,Sedang
21,11.8,12.6,54,4,8.3,2,Sedang
16,4.5,6.4,53,7,8.9,3,Rendah
19,6.4,6.5,69,6,8.3,2,Sedang
18,6.8,8.6,97,3,6.0,3,Sedang
19,1.8,4.9,38,6,7.1,2,Rendah
35,1.9,3.2,91,7,8.8,3,Rendah
37,10.8,12.8,74,1,7.1,1,Sedang
35,8.5,9.6,34,2,6.2,1,Sedang
39,8.0,11.5,61,3,7.5,1,Sedang
16,4.6,4.8,50,6,6.2,1,Rendah
31,5.5,8.2,28,3,4.9,3,Rendah
27,7.8,8.8,79,3,5.2,3,Sedang
23,6.1,8.8,64,5,7.4,1,Sedang
17,5.9,7.3,80,5,7.2,2,Sedang
37,3.8,7.2,30,7,8.3,1,Sedang
22,5.2,6.6,42,5,4.1,3,Sedang
27,4.0,6.3,92,1,8.6,3,Rendah
30,10.2,13.8,34,6,5.1,1,Tinggi
34,3.8,6.8,89,3,7.1,3,Rendah
35,1.4,4.6,9,6,7.7,1,Rendah
24,4.6,6.3,30,3,7.9,2,Rendah
31,6.5,7.6,26,5,8.6,2,Rendah
40,4.2,7.7,19,8,8.8,1,Rendah
39,11.6,14.5,97,7,8.8,3,Sedang
26,2.0,3.6,38,2,6.3,3,Rendah
38,8.4,10.7,86,6,4.5,1,Tinggi
30,1.3,4.8,76,6,8.6,1,Sedang
35,1.7,5.0,94,5,7.2,1,Sedang
19,1.5,1.6,68,2,4.5,3,Rendah
19,5.3,6.8,100,7,6.9,3,Sedang
19,10.7,13.3,67,7,8.7,2,Sedang
16,8.6,9.5,61,4,8.3,1,Sedang
36,5.0,8.6,87,6,4.3,2,Sedang
21,11.7,14.8,63,2,7.3,3,Sedang
35,7.6,7.7,47,4,8.9,3,Rendah
21,1.8,4.9,31,4,8.1,1,Rendah
25,9.5,12.7,81,1,5.4,1,Sedang
19,6.9,10.1,19,1,4.7,2,Sedang
40,9.7,12.1,7,3,5.3,1,Sedang
38,5.6,6.1,13,8,6.2,2,Rendah
31,7.5,9.3,33,1,7.6,3,Rendah
31,4.3,6.9,8,1,9.0,2,Rendah
28,8.5,10.5,61,2,8.5,2,Sedang
34,2.6,3.1,84,6,5.9,3,Rendah
31,4.2,6.2,60,2,8.0,1,Rendah
35,8.2,11.3,97,4,6.2,1,Sedang
28,4.7,6.5,58,2,5.6,2,Rendah
36,3.8,7.6,92,8,4.3,1,Sedang
17,5.8,8.8,52,3,6.8,3,Rendah
32,7.2,9.9,57,6,8.4,2,Sedang
38,1.6,2.8,44,6,4.5,3,Rendah
21,2.7,4.6,18,6,8.2,2,Rendah
18,9.4,11.7,59,1,7.0,3,Rendah
37,3.9,4.6,94,5,8.6,2,Rendah
15,3.0,3.6,89,7,4.3,3,Sedang
35,11.7,12.0,72,4,5.9,2,Sedang
25,2.7,3.9,46,2,8.4,1,Rendah
20,9.3,9.5,15,5,6.2,2,Sedang
30,7.7,9.4,32,2,5.7,1,Sedang
24,8.5,10.9,72,5,4.2,2,Tinggi
34,1.6,2.4,32,3,7.8,2,Rendah
25,2.3,4.3,60,3,4.6,3,Rendah
37,3.5,5.7,90,6,4.4,3,Sedang
16,5.8,7.6,14,6,6.9,3,Rendah
27,8.8,10.5,19,7,4.1,2,Sedang
20,9.8,12.3,93,6,4.4,1,Tinggi
22,5.8,7.4,15,7,8.4,3,Rendah
25,3.4,6.5,14,2,6.7,1,Rendah
39,4.8,7.7,87,3,5.2,1,Sedang
23,3.2,5.6,88,2,4.9,3,Rendah
30,6.1,8.4,79,8,7.4,3,Sedang
35,8.0,10.5,85,6,4.8,1,Tinggi
30,5.9,7.1,40,1,5.8,1,Sedang
24,6.1,6.3,52,5,4.4,1,Sedang
34,7.5,9.0,79,1,6.2,3,Rendah
35,3.1,5.5,69,3,8.8,2,Rendah
18,9.9,13.2,96,2,6.5,1,Sedang
16,3.7,5.5,61,3,5.8,2,Rendah
27,5.5,6.9,81,1,7.9,3,Rendah
25,1.7,2.1,91,7,5.4,3,Rendah
36,11.6,13.6,24,6,4.4,3,Sedang
19,11.1,12.3,88,7,4.6,3,Tinggi
17,4.4,5.9,47,3,7.4,3,Rendah
36,11.0,11.4,90,7,6.5,1,Tinggi
26,4.4,8.2,48,8,5.0,1,Sedang
19,1.8,5.2,17,1,7.3,3,Rendah
19,7.6,8.2,28,3,7.6,1,Rendah
28,5.0,7.9,61,5,7.8,2,Sedang
22,6.9,8.1,65,4,5.8,3,Sedang
29,6.1,7.2,53,7,8.8,1,Sedang
40,7.7,11.2,11,8,8.4,3,Rendah
18,8.8,10.9,20,5,4.4,1,Tinggi
23,5.9,8.0,60,2,8.7,1,Sedang
29,10.7,14.4,58,1,6.0,2,Sedang
22,5.2,5.5,33,1,5.6,1,Rendah
37,8.1,11.3,22,1,5.4,2,Sedang
37,10.1,13.1,65,8,7.1,1,Tinggi
15,3.8,7.1,75,7,4.6,2,Sedang
22,4.3,4.5,58,8,4.3,2,Sedang
34,6.9,9.4,78,4,7.6,2,Sedang
28,1.0,2.4,78,7,4.9,3,Sedang
17,6.8,8.2,72,1,6.0,2,Sedang
16,8.0,11.9,37,1,5.8,1,Sedang
26,3.7,6.3,18,6,4.7,2,Sedang
32,4.7,7.3,92,8,8.9,2,Sedang
35,3.0,3.5,96,8,4.2,1,Sedang
16,9.7,13.2,45,5,6.6,3,Sedang
30,3.8,6.8,29,5,5.8,1,Sedang
35,4.7,5.2,52,7,8.4,3,Rendah
29,10.8,12.3,28,8,7.5,2,Sedang
40,6.7,9.9,98,7,4.4,3,Sedang
20,7.0,8.3,15,6,7.3,2,Rendah
29,7.6,9.3,93,8,5.8,1,Tinggi
38,10.6,12.0,60,5,7.2,1,Tinggi
17,8.4,10.0,70,3,8.8,1,Sedang
34,8.5,10.3,21,2,5.2,3,Rendah
26,5.0,8.8,9,3,7.4,2,Rendah
26,5.9,6.2,22,6,6.0,3,Rendah
23,3.7,4.2,99,3,6.5,2,Rendah
32,2.3,5.4,95,8,5.1,3,Rendah
24,8.6,12.6,30,2,4.7,1,Sedang
29,2.9,5.8,16,6,7.3,3,Rendah
17,7.0,8.2,43,3,7.6,3,Rendah
35,2.9,4.3,33,2,8.9,1,Rendah
22,9.7,9.8,75,6,6.3,3,Sedang
19,7.7,8.0,44,7,9.0,3,Rendah
30,6.8,9.9,78,2,4.6,2,Sedang
35,1.8,3.7,71,6,4.6,3,Sedang
35,7.5,10.6,21,7,6.5,1,Sedang
18,6.7,7.9,25,6,8.7,1,Sedang
26,11.4,13.3,41,2,5.3,3,Sedang
32,4.0,6.5,83,2,6.5,1,Rendah
33,11.4,12.0,89,6,8.2,3,Sedang
16,10.1,10.2,10,5,7.3,3,Sedang
28,7.8,7.9,85,5,7.2,2,Sedang
30,3.7,6.9,56,5,6.3,3,Rendah
16,2.7,4.4,64,4,5.7,1,Sedang
25,10.5,11.8,49,7,4.7,2,Tinggi
31,7.2,8.5,64,2,5.3,1,Sedang
19,2.1,3.3,54,7,5.2,1,Sedang
25,11.3,14.0,29,3,6.5,3,Rendah
29,6.5,7.7,7,2,8.7,3,Rendah
29,11.6,12.3,50,1,4.3,2,Sedang
34,10.7,13.3,65,5,6.7,1,Tinggi
28,2.5,3.6,51,7,5.8,2,Rendah
16,7.3,8.1,75,5,4.4,3,Sedang
29,9.4,10.5,84,2,4.6,1,Tinggi
27,5.1,9.0,76,6,7.8,1,Sedang
34,6.6,8.6,10,1,4.7,2,Rendah
40,6.2,8.0,82,3,5.6,3,Sedang
25,2.8,6.8,99,5,7.0,3,Rendah
31,6.9,9.7,43,8,8.1,2,Sedang
25,8.4,12.3,79,5,8.0,3,Sedang
37,7.9,10.3,38,4,7.6,3,Rendah
30,2.9,5.4,84,7,4.7,3,Sedang
22,1.3,5.1,19,4,4.1,2,Rendah
28,2.7,5.5,57,8,8.4,3,Rendah
38,1.7,2.3,31,6,9.0,2,Rendah
31,5.1,8.9,63,6,6.7,3,Sedang
39,10.5,13.2,93,5,7.1,1,Tinggi
22,4.1,5.3,43,5,7.5,3,Rendah
37,6.4,8.3,76,5,5.4,3,Sedang
36,7.0,10.6,55,6,8.8,1,Sedang
24,1.5,5.3,15,6,8.6,3,Rendah
23,9.2,10.1,73,5,8.7,3,Sedang
23,2.5,5.0,80,4,5.2,3,Rendah
31,3.5,4.4,17,7,5.7,2,Rendah
18,8.5,9.0,75,3,6.0,2,Sedang
30,8.2,11.2,41,6,5.4,1,Tinggi
39,2.0,4.3,73,1,8.6,1,Rendah
28,10.7,11.4,9,7,7.9,1,Sedang
38,11.6,14.7,9,1,5.5,3,Rendah
18,11.2,12.5,63,8,8.4,1,Tinggi
31,6.1,6.9,19,6,4.8,2,Sedang
35,3.8,4.5,99,6,8.0,3,Rendah
36,9.3,10.0,86,7,8.1,3,Sedang
25,2.0,4.7,28,3,6.4,1,Rendah
15,3.9,4.8,39,6,5.5,3,Rendah
33,1.1,3.7,93,4,4.3,1,Sedang
29,4.4,6.0,69,5,7.5,3,Rendah
24,5.0,5.9,22,8,4.8,3,Rendah
34,5.1,7.9,65,4,7.8,3,Rendah
39,7.6,10.7,72,8,6.6,2,Sedang
17,11.1,11.5,75,4,6.9,1,Sedang
20,4.6,6.7,19,4,7.6,2,Rendah
17,10.9,12.7,12,8,4.7,2,Sedang
29,7.2,9.4,91,5,7.6,2,Sedang
23,10.0,13.0,79,2,4.2,2,Sedang
37,1.7,5.7,13,8,4.2,2,Rendah
20,9.5,12.6,98,7,5.9,2,Tinggi
29,10.6,14.2,53,2,7.4,3,Rendah
32,2.5,5.9,20,3,9.0,2,Rendah
31,2.4,6.3,5,1,8.9,2,Rendah
36,8.9,10.6,53,4,5.2,2,Sedang
19,4.0,7.7,97,2,4.2,3,Rendah
28,7.8,11.5,7,4,5.0,1,Sedang
34,1.4,3.8,95,1,5.2,1,Rendah
27,5.8,8.0,12,3,6.5,2,Rendah
22,10.0,12.9,45,6,5.2,1,Tinggi
36,6.7,8.4,40,1,6.8,3,Rendah
38,11.0,13.5,59,8,4.2,2,Tinggi
35,8.4,11.5,45,7,6.0,2,Sedang
27,3.0,5.2,35,4,5.5,3,Rendah
19,9.9,13.6,76,7,8.8,3,Sedang
31,2.5,3.5,31,6,7.2,2,Rendah
26,2.0,4.9,29,1,5.3,3,Rendah
34,7.6,11.1,29,4,6.4,2,Rendah
24,11.5,11.6,29,2,7.7,2,Rendah
22,8.7,11.5,55,4,6.8,2,Sedang
27,6.1,8.7,44,5,5.8,2,Sedang
29,2.1,6.0,65,6,8.6,2,Sedang
25,5.6,7.9,33,3,4.1,3,Sedang
33,7.4,9.1,24,4,5.6,2,Sedang
33,10.2,12.2,88,6,5.3,2,Tinggi
38,8.1,10.1,26,6,4.8,3,Sedang
32,6.4,10.1,74,1,6.6,1,Sedang
36,1.5,1.5,22,4,4.3,1,Rendah
15,3.4,5.2,12,8,7.3,1,Rendah
15,6.9,8.5,7,5,6.7,2,Rendah
15,6.5,9.3,60,3,4.5,1,Tinggi
31,2.6,3.4,72,5,8.1,2,Rendah
40,5.4,6.9,56,8,6.8,3,Rendah
22,4.3,7.6,15,1,4.5,2,Rendah
27,7.1,7.3,6,3,4.4,2,Sedang
35,9.6,11.9,17,1,5.1,3,Rendah
33,6.2,6.4,14,5,8.5,3,Rendah
36,1.4,5.1,45,1,8.8,3,Rendah
19,9.3,12.2,55,2,5.5,3,Sedang
22,7.2,10.6,91,6,5.9,3,Sedang
19,9.7,12.5,15,6,4.3,2,Sedang
22,10.2,11.6,83,7,8.8,2,Sedang
15,8.0,11.1,62,8,5.1,3,Sedang
27,5.8,8.5,89,7,4.4,3,Sedang
24,9.8,12.7,15,5,4.8,3,Sedang
40,8.0,11.0,45,6,4.5,1,Tinggi
24,5.9,8.9,18,3,4.4,2,Sedang
29,7.1,9.1,18,1,4.4,3,Rendah
17,7.6,10.7,54,1,5.5,2,Sedang
39,1.9,5.5,36,3,7.4,1,Rendah
19,4.0,5.1,23,2,4.8,2,Rendah
28,4.3,7.4,51,5,8.7,3,Rendah
35,6.5,9.0,63,2,4.7,1,Sedang
27,4.7,7.2,47,8,5.7,3,Rendah
34,2.5,3.8,93,4,6.4,1,Rendah
27,11.7,12.7,93,8,8.8,1,Tinggi
25,5.1,8.4,55,6,4.6,3,Sedang
21,7.5,9.7,92,1,8.8,2,Sedang
37,3.3,6.5,93,2,8.1,2,Rendah
36,6.5,9.0,35,5,7.3,3,Sedang
28,9.7,10.0,81,8,6.9,3,Sedang
31,11.2,14.5,58,1,8.0,2,Sedang
37,10.9,13.0,86,2,4.5,1,Tinggi
36,8.3,9.0,83,1,6.8,3,Sedang
36,8.1,12.0,47,7,4.5,1,Tinggi
23,3.4,6.4,76,4,6.2,2,Rendah
29,9.5,11.9,69,3,5.7,1,Tinggi
30,2.2,3.9,15,2,8.2,3,Rendah
19,4.8,6.2,31,8,5.7,1,Sedang
29,8.9,10.7,13,5,4.2,3,Sedang
18,1.2,2.6,18,3,8.6,3,Rendah
22,6.7,8.9,47,7,8.8,1,Sedang
40,5.5,6.2,86,7,6.0,3,Sedang
34,10.7,12.5,59,7,4.0,1,Tinggi
21,4.1,6.9,13,2,8.0,3,Rendah
20,5.0,5.8,19,5,7.4,2,Rendah
31,11.6,12.7,54,7,6.9,2,Sedang
26,10.3,12.8,91,5,8.6,3,Sedang
17,8.4,9.7,35,5,4.6,2,Tinggi
37,2.6,4.2,81,3,6.9,2,Rendah
20,6.4,8.5,87,3,6.8,2,Sedang
24,2.5,3.8,62,1,8.3,1,Rendah
30,2.5,5.8,76,8,6.0,2,Sedang
28,8.8,10.6,26,2,6.8,1,Sedang
24,1.4,2.3,41,3,7.9,3,Rendah
38,9.5,11.5,70,2,6.9,2,Sedang
39,7.0,11.0,74,1,7.8,2,Sedang
32,3.4,5.1,99,4,5.5,1,Sedang
29,3.9,7.3,16,8,8.3,1,Rendah
39,9.9,10.7,99,6,8.3,3,Sedang
35,5.7,8.2,31,4,8.0,3,Rendah
26,6.9,9.3,26,6,8.9,2,Sedang
24,7.3,11.1,70,2,4.7,2,Sedang
16,11.9,14.6,21,3,5.2,3,Sedang
25,10.1,13.1,91,7,6.4,3,Sedang
35,4.0,5.7,62,2,7.2,1,Rendah
27,6.7,7.8,52,8,8.8,2,Sedang
33,1.0,4.1,98,2,7.7,2,Rendah
35,8.3,9.7,13,7,5.1,2,Sedang
21,6.4,7.7,41,6,6.7,1,Sedang
33,10.4,13.6,92,1,4.2,3,Sedang
40,10.2,10.3,25,8,6.3,2,Sedang
21,12.0,14.7,88,5,4.8,2,Tinggi
17,8.2,9.2,52,3,4.3,3,Sedang
24,9.0,12.0,59,2,7.5,1,Sedang
21,6.2,6.7,33,8,4.0,3,Sedang
25,10.0,14.0,59,3,6.4,1,Sedang
27,2.0,5.2,18,6,5.8,2,Rendah
19,5.2,8.5,22,3,4.3,3,Rendah
15,7.7,8.4,49,4,7.1,1,Sedang
28,7.8,9.6,32,2,8.5,1,Sedang
39,2.4,5.3,49,7,5.6,1,Sedang
22,4.0,4.3,75,5,7.9,3,Rendah
15,10.3,12.9,43,4,6.6,3,Sedang
21,9.2,10.4,11,4,6.5,1,Sedang
22,6.5,8.9,72,1,8.9,2,Rendah
19,5.3,8.7,58,6,6.7,1,Sedang
39,6.2,10.1,14,1,6.9,1,Rendah
23,3.4,7.1,55,5,7.1,3,Rendah
39,5.6,8.4,15,3,5.4,2,Rendah
17,6.6,7.4,24,6,6.0,3,Rendah
39,10.2,12.9,13,5,7.5,3,Sedang
22,1.6,1.9,60,2,6.3,3,Rendah
16,4.4,7.4,99,3,4.6,3,Sedang
19,8.7,9.4,49,5,4.8,1,Tinggi
38,9.6,10.7,20,1,5.7,2,Sedang
23,6.8,7.9,78,2,6.5,3,Rendah
26,1.6,5.0,26,6,4.8,1,Sedang
33,8.4,8.9,99,1,4.2,1,Sedang
22,1.5,3.0,24,3,8.7,1,Rendah
32,9.8,12.7,88,7,5.1,1,Tinggi
28,11.1,12.3,14,6,4.6,3,Sedang
16,3.0,6.2,10,7,4.3,2,Sedang
24,9.5,10.7,16,8,4.0,1,Tinggi
24,7.2,8.4,84,4,6.3,3,Rendah
30,12.0,14.3,98,4,4.8,2,Tinggi
15,3.6,5.0,93,1,8.8,1,Rendah
39,8.2,11.6,98,5,4.5,3,Tinggi
22,5.6,9.4,23,5,4.5,1,Sedang
31,5.5,9.1,63,2,6.9,3,Rendah
19,8.0,9.6,80,1,6.2,1,Sedang
22,4.2,7.6,55,6,5.6,2,Sedang
22,1.8,2.6,79,2,4.8,1,Sedang
29,6.1,7.7,73,6,8.8,1,Sedang
29,4.4,5.5,20,2,4.8,3,Rendah
24,10.1,12.9,10,4,8.2,2,Sedang
19,2.0,3.0,50,7,6.6,3,Rendah
24,3.9,7.9,8,7,8.3,3,Rendah
38,7.1,7.5,18,3,4.6,1,Sedang
39,11.8,12.2,56,6,7.4,3,Sedang
17,7.4,8.4,14,1,9.0,1,Rendah
35,5.9,6.4,47,2,4.2,2,Sedang
16,2.8,5.1,97,7,6.5,2,Rendah
36,5.7,7.1,28,5,5.4,1,Sedang
16,7.8,10.3,87,5,6.5,3,Sedang
30,1.7,2.8,22,7,5.0,3,Rendah
22,7.9,11.1,7,7,7.9,2,Sedang
30,7.0,8.9,77,6,5.9,1,Sedang
15,4.5,5.4,40,1,8.0,2,Rendah
31,4.9,7.2,34,3,4.5,3,Rendah
22,3.9,7.2,99,1,7.8,1,Rendah
33,10.3,13.5,50,3,4.9,3,Sedang
25,9.9,12.7,80,1,7.5,2,Sedang
33,7.2,9.5,29,8,6.7,1,Sedang
30,1.4,1.6,82,4,4.1,2,Sedang
15,4.6,7.1,21,6,7.6,2,Rendah
16,1.2,3.5,23,2,8.2,2,Rendah
17,5.1,8.9,55,2,5.7,2,Rendah
19,11.7,14.1,60,8,7.2,1,Tinggi
37,11.7,14.0,83,6,5.1,3,Sedang
20,5.2,8.1,42,3,4.9,1,Sedang
37,11.4,12.8,77,1,4.9,2,Sedang
40,11.6,12.4,77,2,8.7,1,Sedang
25,9.2,10.2,45,3,7.2,1,Sedang
37,8.4,11.3,47,8,4.1,1,Tinggi
22,8.6,10.0,18,1,4.2,2,Sedang
38,5.6,6.3,57,8,8.4,2,Sedang
32,5.1,8.4,78,4,4.8,1,Sedang
40,10.3,11.5,45,5,8.8,1,Sedang
25,2.9,4.4,98,2,6.7,1,Rendah
25,7.5,10.0,66,1,6.2,3,Rendah
20,7.7,9.4,11,2,5.7,1,Sedang
28,8.7,11.6,98,5,7.3,2,Sedang
22,2.1,3.7,75,8,4.8,2,Sedang
15,5.7,6.9,89,8,5.0,1,Tinggi
21,2.9,4.1,15,8,8.2,2,Rendah
40,5.4,7.4,89,5,4.5,3,Sedang
27,3.0,6.5,52,3,6.2,2,Rendah
29,6.1,7.0,39,1,4.8,3,Rendah
36,2.1,4.8,74,7,8.9,3,Rendah
22,7.1,10.5,71,7,8.8,3,Sedang
30,7.3,8.2,43,2,6.0,3,Rendah
16,6.5,10.1,78,3,4.6,2,Sedang
20,11.4,12.0,32,4,4.6,2,Sedang
17,11.9,13.2,85,3,8.2,2,Sedang
25,11.0,14.7,13,2,5.9,2,Sedang
32,4.6,5.7,63,1,7.9,3,Rendah
33,6.7,8.4,58,3,4.7,3,Sedang
33,9.3,13.1,18,2,7.9,3,Rendah
26,10.7,11.8,88,8,6.9,2,Sedang
16,2.9,4.5,84,7,4.2,2,Sedang
37,3.6,6.6,39,6,4.1,2,Sedang
24,4.1,6.1,94,2,8.9,1,Rendah
19,4.3,7.3,46,5,7.6,3,Rendah
35,2.0,3.8,57,8,7.8,2,Rendah
16,6.7,7.3,44,7,4.7,3,Sedang
33,1.3,2.1,30,1,5.2,2,Rendah
16,11.1,13.8,40,6,8.1,3,Sedang
27,8.0,8.5,8,4,5.9,3,Rendah
29,3.0,6.5,80,6,5.7,2,Sedang
38,10.1,10.5,8,7,4.2,3,Sedang
39,11.6,14.5,87,4,7.4,2,Sedang
35,5.5,5.6,92,1,6.4,1,Rendah
35,2.9,6.1,33,5,7.0,2,Rendah
37,11.6,13.8,59,7,8.3,2,Sedang
23,3.4,4.6,71,7,6.9,1,Sedang
31,12.0,14.9,52,5,5.5,1,Tinggi
30,1.7,5.7,86,6,8.3,2,Rendah
35,8.8,12.4,43,4,4.7,1,Tinggi
16,9.9,13.1,81,7,7.3,3,Sedang
19,8.9,11.5,42,5,8.5,2,Sedang
27,9.1,11.4,78,4,5.7,3,Sedang
22,8.5,11.1,65,6,6.5,1,Tinggi
36,10.6,11.3,17,8,4.6,2,Sedang
38,9.9,13.0,28,6,7.3,1,Sedang
26,3.5,7.0,58,6,5.9,3,Rendah
24,6.1,6.6,11,2,6.4,1,Rendah
31,2.3,5.0,72,5,6.1,1,Sedang
19,11.9,13.0,77,8,4.7,3,Tinggi
20,9.6,11.6,85,3,5.6,1,Tinggi
15,6.0,6.8,26,3,6.4,1,Rendah
19,7.8,10.3,56,7,8.8,2,Sedang
15,1.4,2.2,52,1,8.5,3,Rendah
21,1.2,1.2,98,4,5.1,2,Rendah
24,2.4,3.9,80,5,4.8,1,Sedang
24,11.4,13.0,71,6,6.2,3,Sedang
19,4.8,8.4,50,4,4.8,2,Sedang
15,3.5,6.4,21,4,7.7,3,Rendah
31,2.9,4.4,88,1,5.9,3,Rendah
23,9.5,12.0,81,1,7.3,3,Sedang
15,1.5,2.0,61,7,4.6,2,Sedang
30,8.7,9.5,92,1,5.5,3,Sedang
18,8.3,9.4,82,3,6.1,1,Sedang
31,8.9,9.4,19,2,6.5,3,Rendah
21,9.6,12.9,30,6,7.5,2,Sedang
20,1.4,3.4,31,8,5.7,1,Sedang
15,8.4,12.0,78,8,4.7,1,Tinggi
39,6.6,9.5,17,5,7.2,2,Sedang
24,3.9,4.1,27,1,8.3,2,Rendah
40,8.4,10.1,19,2,8.3,1,Sedang
15,10.4,13.1,26,6,5.8,2,Sedang
34,4.0,6.9,52,6,4.9,2,Sedang
27,11.6,12.5,54,8,8.0,3,Sedang
40,2.8,3.3,97,1,8.9,1,Rendah
18,5.6,8.0,77,8,4.9,2,Sedang
39,4.9,5.0,92,3,6.4,2,Rendah
18,10.8,12.6,13,5,7.3,1,Sedang
37,10.6,12.7,100,4,8.9,3,Sedang
25,6.7,9.5,84,2,6.2,3,Rendah
22,6.3,9.0,87,7,4.7,3,Sedang
34,1.6,4.2,25,8,8.3,1,Rendah
17,9.3,10.6,47,5,4.3,1,Tinggi
32,8.1,9.7,35,2,6.3,3,Rendah
29,2.0,4.0,45,2,8.9,3,Rendah
35,1.2,2.8,9,1,8.1,3,Rendah
34,8.0,11.6,76,4,7.3,2,Sedang
25,5.0,5.2,33,8,5.7,3,Rendah
34,6.2,8.8,96,8,4.6,3,Sedang
22,1.0,2.4,86,5,6.7,2,Rendah
37,2.2,5.8,68,3,8.1,3,Rendah
38,5.5,6.5,30,4,4.6,2,Sedang
21,6.0,9.1,96,6,4.5,2,Tinggi
16,11.2,14.4,80,2,7.9,2,Sedang
29,8.2,12.0,22,8,4.0,3,Sedang
16,7.1,8.8,79,8,8.6,1,Sedang
37,7.4,10.3,21,2,5.9,3,Rendah
34,10.7,12.7,54,7,8.9,3,Sedang
39,3.7,5.3,48,5,6.3,1,Rendah
19,5.5,8.3,100,5,8.2,3,Sedang
25,8.8,12.5,85,4,5.0,3,Sedang
37,4.2,5.6,91,3,8.9,3,Rendah
20,6.5,9.3,46,2,7.8,3,Rendah
30,7.4,11.2,95,7,7.4,3,Sedang
24,10.7,12.4,6,2,4.1,1,Sedang
16,8.4,9.2,25,5,7.4,1,Sedang
16,8.6,9.8,74,1,5.8,2,Sedang
18,7.8,10.5,76,4,7.7,3,Sedang
27,3.6,6.7,94,5,7.5,1,Sedang
27,5.3,9.1,92,6,8.8,1,Sedang
15,9.2,10.0,61,4,8.6,3,Sedang
37,8.1,11.1,74,4,7.9,1,Sedang
24,5.9,9.8,14,3,8.8,3,Rendah
31,2.3,2.5,40,5,4.7,3,Rendah
23,1.1,3.0,24,1,4.8,2,Rendah
34,1.6,5.3,83,5,6.5,3,Rendah
32,4.9,8.0,45,4,8.8,3,Rendah
17,9.6,10.2,74,7,4.5,1,Tinggi
21,8.3,9.6,42,4,8.8,3,Sedang
31,6.2,8.4,88,1,4.6,2,Sedang
29,3.6,6.2,84,4,8.8,3,Rendah
25,5.2,8.4,19,7,5.3,3,Rendah
24,1.3,3.4,52,8,6.4,2,Rendah
35,3.1,5.2,17,3,8.9,3,Rendah
32,1.1,1.4,90,4,8.3,2,Rendah
18,3.3,6.6,99,7,7.2,1,Sedang
38,8.5,8.6,96,6,4.2,1,Tinggi
16,3.0,4.0,14,4,8.6,2,Rendah
27,6.0,7.6,45,1,5.9,1,Sedang
32,1.1,4.0,13,1,7.5,1,Rendah
26,11.2,11.6,92,5,7.0,2,Sedang
39,11.2,12.6,89,1,6.4,3,Sedang
22,2.5,4.1,74,5,8.8,1,Sedang
24,8.5,12.2,98,6,8.8,1,Tinggi
32,10.6,11.2,10,1,6.9,2,Rendah
32,7.0,7.3,31,6,5.1,3,Sedang
31,2.6,3.3,83,5,5.0,1,Sedang
36,9.8,13.2,75,8,7.2,1,Tinggi
24,8.4,9.4,30,8,8.8,2,Sedang
19,8.4,9.3,41,2,8.5,2,Sedang
30,6.0,8.5,44,3,6.8,2,Rendah
40,4.5,6.2,5,6,5.2,1,Sedang
37,9.1,10.8,51,3,7.4,2,Sedang
30,6.1,7.5,44,8,6.8,1,Sedang
35,7.7,11.1,22,4,5.3,3,Rendah
17,9.0,12.6,69,1,8.1,3,Sedang
27,9.5,10.4,9,5,6.7,3,Sedang
30,8.2,8.8,55,4,8.5,3,Rendah
38,10.4,10.9,69,2,6.0,3,Sedang
15,8.3,11.7,83,3,7.8,1,Sedang
29,2.8,5.1,77,3,7.7,2,Rendah
26,1.4,4.4,34,2,5.3,1,Rendah
16,8.4,10.5,51,7,6.3,2,Sedang
16,1.4,4.0,18,5,8.2,2,Rendah
33,7.0,7.7,88,7,5.8,3,Sedang
17,6.7,8.2,33,7,5.8,2,Sedang
30,9.7,13.2,5,3,6.2,1,Sedang
17,6.7,7.8,24,3,4.8,3,Rendah
37,10.0,12.6,58,6,7.6,2,Sedang
36,6.3,7.1,25,7,4.1,1,Sedang
19,7.3,7.9,85,1,8.5,1,Sedang
16,2.8,6.5,71,7,7.0,3,Rendah
35,1.2,4.1,89,5,8.7,1,Sedang
29,7.7,9.6,66,3,5.1,2,Sedang
34,2.6,4.9,28,5,4.8,3,Rendah
25,11.1,13.4,13,4,5.9,1,Sedang
18,1.2,3.3,69,7,8.1,3,Rendah
18,3.0,6.6,81,1,8.4,3,Rendah
31,9.3,9.7,89,3,8.5,3,Sedang
15,10.9,14.0,88,7,6.6,2,Sedang
16,8.7,10.4,66,7,5.8,3,Sedang
39,10.2,12.5,59,3,5.3,1,Sedang
17,4.1,7.6,57,5,4.9,3,Sedang
38,9.7,12.0,20,1,5.9,1,Sedang
37,9.8,11.4,18,3,6.1,3,Rendah
23,3.9,6.0,77,6,7.1,3,Rendah
27,9.3,11.0,76,8,4.9,3,Tinggi
32,6.3,10.3,78,6,7.9,2,Sedang
38,2.5,6.0,20,4,6.2,3,Rendah
20,2.1,4.1,48,1,4.8,3,Rendah
15,9.8,13.1,65,7,4.4,2,Tinggi
22,5.1,7.5,97,7,8.7,2,Sedang
34,8.2,9.3,81,1,8.7,1,Sedang
35,6.4,6.4,89,5,5.0,3,Sedang
31,6.7,7.6,26,1,5.8,3,Rendah
15,11.7,12.0,40,7,5.8,2,Sedang
27,7.4,9.5,99,2,8.6,3,Rendah
24,9.0,11.2,79,6,5.7,2,Tinggi
22,7.7,8.5,56,1,5.3,2,Rendah
31,2.2,2.5,42,6,8.7,3,Rendah
23,10.6,13.9,78,5,7.5,2,Sedang
33,6.3,7.3,48,8,7.4,3,Rendah
15,6.3,7.3,53,4,7.4,1,Sedang
40,4.5,8.3,71,1,7.5,2,Rendah
22,4.2,5.8,100,6,4.4,1,Sedang
30,4.5,5.4,78,5,4.9,3,Sedang
36,11.2,11.9,99,4,5.2,1,Tinggi
23,3.3,4.1,36,6,4.8,1,Sedang
18,11.1,13.7,89,8,7.1,3,Sedang
16,10.3,11.8,45,8,8.5,3,Sedang
23,6.4,10.3,70,5,6.0,3,Sedang
19,1.6,4.8,66,1,6.5,2,Rendah
36,9.5,11.3,20,8,5.6,1,Sedang
15,8.4,9.9,17,6,5.8,2,Sedang
20,7.0,7.9,65,6,5.8,2,Sedang
28,3.3,6.1,52,6,8.3,2,Rendah
29,3.0,3.5,78,4,8.1,3,Rendah
23,9.8,12.0,53,4,4.7,3,Sedang
19,6.2,6.2,58,8,4.7,3,Sedang
31,6.9,8.2,67,5,5.3,3,Sedang
16,5.4,8.2,12,4,8.1,2,Rendah
35,2.1,5.1,38,6,5.8,3,Rendah
40,3.8,3.9,20,6,8.3,3,Rendah
21,7.3,9.9,73,3,8.9,2,Sedang
26,4.6,6.6,99,8,8.4,2,Sedang
34,4.2,6.7,23,3,7.2,2,Rendah
28,7.9,10.2,14,2,4.8,1,Sedang
25,4.5,5.7,39,7,5.4,2,Rendah
39,10.5,12.0,80,8,6.1,1,Tinggi
15,2.4,3.3,37,2,5.1,2,Rendah
18,2.1,5.8,65,1,4.1,2,Rendah
31,9.4,9.7,38,3,4.4,2,Sedang
24,3.5,6.5,61,3,4.7,1,Sedang
15,1.4,2.8,46,8,6.3,3,Rendah
23,7.0,7.5,94,3,7.0,2,Sedang
35,9.2,12.7,60,5,8.5,2,Sedang
32,3.5,3.9,44,6,6.1,1,Rendah
24,1.1,3.2,22,6,5.4,3,Rendah
15,8.6,10.6,66,5,4.0,2,Tinggi
40,4.2,5.1,5,6,4.9,3,Rendah
28,5.3,6.0,99,7,8.1,1,Sedang
23,1.9,4.4,71,5,5.4,3,Rendah
32,9.9,11.6,13,3,4.7,1,Sedang
35,6.0,7.8,94,8,4.9,1,Tinggi
19,1.5,3.6,28,2,5.4,1,Rendah
37,5.8,5.8,16,3,4.1,1,Sedang
25,5.6,8.7,68,6,6.3,1,Sedang
25,1.9,4.9,23,1,5.3,2,Rendah
17,7.0,7.7,37,7,8.1,1,Sedang
39,8.9,10.4,61,4,7.7,1,Sedang
21,6.1,9.2,71,4,6.4,3,Sedang
24,11.3,11.9,98,1,7.7,3,Sedang
31,2.3,4.2,43,4,5.8,1,Rendah
36,3.4,3.9,86,7,5.6,1,Sedang
40,4.0,4.5,36,1,8.8,3,Rendah
40,8.6,11.4,24,6,7.9,1,Sedang
20,6.5,9.2,48,1,4.3,3,Sedang
19,8.7,11.9,21,8,5.2,3,Sedang
40,8.1,9.5,61,4,4.1,2,Tinggi
26,9.0,10.0,10,8,7.5,3,Sedang
24,7.0,9.0,77,3,6.7,2,Sedang
38,6.2,9.7,81,3,4.3,1,Tinggi
29,4.3,5.4,51,8,4.0,3,Rendah
31,5.2,5.9,7,6,7.9,1,Rendah
25,8.9,11.5,73,7,4.9,3,Tinggi
30,9.4,10.0,41,6,6.0,2,Sedang
18,2.1,4.7,10,3,4.9,1,Rendah
21,2.2,3.0,9,7,7.3,3,Rendah
34,8.7,9.7,51,4,7.0,1,Sedang
15,11.2,12.0,67,2,6.3,3,Sedang
16,5.0,8.0,58,6,8.0,1,Sedang
34,3.9,4.1,14,5,4.4,1,Sedang
31,2.1,5.0,73,7,4.9,3,Sedang
36,3.7,6.2,27,7,7.7,3,Rendah
33,4.9,6.7,90,7,8.4,1,Sedang
40,3.0,4.6,48,3,6.7,3,Rendah
29,11.3,14.6,75,6,8.2,2,Sedang
39,8.0,11.3,46,4,6.8,1,Sedang
27,9.4,13.1,37,6,8.8,2,Sedang
27,1.0,1.1,41,1,6.6,2,Rendah
15,4.3,5.2,45,1,7.9,3,Rendah
23,11.1,13.1,78,3,4.5,2,Tinggi
26,2.7,3.8,79,4,5.2,2,Rendah
17,7.3,9.6,32,2,7.6,2,Rendah
20,6.4,10.0,94,2,7.0,2,Sedang
16,9.0,11.3,15,1,8.6,2,Rendah
26,10.7,12.4,20,4,7.7,3,Rendah
15,8.0,10.5,11,5,6.6,2,Sedang
32,7.2,8.5,94,4,4.8,3,Sedang
38,12.0,14.9,81,2,5.1,2,Sedang
40,5.3,5.8,15,8,6.9,1,Rendah
32,5.4,5.7,69,7,7.9,1,Sedang
39,2.5,4.7,67,7,7.3,1,Sedang
32,7.8,10.7,36,4,4.4,2,Sedang
25,8.5,10.8,19,7,6.1,2,Sedang
21,4.5,6.9,8,5,4.8,2,Sedang
34,10.0,13.2,84,3,6.2,1,Sedang
21,8.5,9.1,98,2,4.6,1,Tinggi
22,11.4,14.7,41,1,5.7,1,Sedang
24,6.0,6.1,31,4,5.0,3,Sedang
39,3.8,5.7,98,3,7.5,3,Rendah
15,5.1,8.7,72,1,5.3,1,Sedang
24,3.2,6.0,39,1,6.3,1,Rendah
17,5.3,6.4,89,6,8.3,1,Sedang
24,10.5,13.1,34,7,6.5,3,Sedang
18,10.9,12.8,81,2,4.9,3,Sedang
29,7.2,10.0,10,4,8.6,2,Rendah
25,6.4,9.4,7,6,7.4,2,Sedang
35,4.3,8.3,69,5,8.1,3,Rendah
23,10.7,14.3,8,5,5.1,2,Sedang
27,8.2,8.6,53,4,6.1,3,Rendah
19,5.7,6.9,82,6,6.2,1,Sedang
21,8.2,10.5,92,4,8.3,2,Sedang
37,8.8,10.9,22,7,9.0,1,Sedang
35,11.3,14.7,45,2,6.8,3,Rendah
18,3.0,6.4,23,1,7.8,2,Rendah
28,4.3,7.3,86,5,4.8,1,Sedang
18,2.4,2.5,83,5,7.0,3,Rendah
22,7.6,8.5,8,6,4.4,2,Sedang
19,6.5,8.9,96,6,4.9,2,Sedang
30,6.2,6.9,33,1,6.0,1,Sedang
23,11.5,12.3,90,4,7.8,1,Sedang
20,11.2,14.9,83,8,7.4,2,Sedang
22,5.7,8.8,82,7,7.6,2,Sedang
34,11.3,13.4,73,1,6.6,2,Sedang
29,10.1,10.3,36,7,8.9,1,Sedang
32,5.3,8.4,11,4,5.5,2,Rendah
24,9.5,10.6,26,7,5.5,1,Sedang
37,6.7,7.3,87,8,4.5,3,Sedang
18,3.0,5.3,94,3,6.0,2,Rendah
29,1.3,3.1,96,4,8.4,1,Rendah
23,4.6,7.2,96,3,7.6,1,Sedang
17,2.3,4.1,51,2,6.6,2,Rendah
38,9.7,11.7,25,7,6.8,1,Sedang
39,2.9,4.2,89,3,4.8,1,Sedang
20,9.5,9.7,44,5,7.7,2,Sedang
24,7.9,8.4,21,4,4.0,2,Sedang
15,6.0,9.4,74,1,7.0,2,Sedang
22,3.4,6.0,63,7,6.2,3,Rendah
34,1.1,4.6,40,4,4.2,1,Sedang
16,8.2,8.3,9,5,5.7,1,Sedang
16,2.2,6.2,25,5,7.1,3,Rendah
37,7.5,10.6,27,8,7.7,2,Sedang
16,2.0,3.2,52,7,8.1,2,Rendah
32,1.7,3.6,20,5,5.6,2,Rendah
31,3.3,4.1,12,2,6.9,3,Rendah
31,11.9,13.4,93,5,6.1,2,Sedang
23,6.8,10.8,50,3,7.1,2,Sedang
31,9.0,11.0,28,4,7.5,1,Sedang
15,2.3,4.2,20,4,8.0,2,Rendah
28,1.5,2.9,86,4,4.1,1,Sedang
37,4.1,7.3,44,5,6.5,2,Rendah
39,1.1,3.8,48,7,7.6,3,Rendah
15,10.2,11.0,48,8,8.6,1,Sedang
35,2.5,3.1,63,6,6.3,2,Rendah
38,1.6,3.7,77,6,6.8,1,Sedang
21,7.4,8.7,50,2,8.8,2,Rendah
15,4.7,6.2,73,3,6.9,2,Rendah
20,7.5,11.0,44,6,7.5,2,Sedang
28,2.0,5.5,52,8,8.1,2,Rendah
21,6.8,7.5,52,1,7.9,1,Rendah
29,6.6,9.8,69,3,5.0,2,Sedang
38,10.6,11.8,46,3,7.8,1,Sedang
31,8.4,8.9,97,1,6.3,3,Rendah
31,2.3,3.5,10,2,5.7,1,Rendah
18,6.7,9.3,44,1,6.9,2,Rendah
35,10.8,12.1,29,5,5.4,2,Sedang
39,5.9,6.4,24,3,5.4,1,Sedang
34,7.2,7.6,74,6,6.7,2,Sedang
19,11.4,14.3,78,4,4.9,2,Tinggi
34,10.8,13.0,11,3,4.1,3,Sedang
16,2.2,2.4,59,7,4.9,3,Rendah
33,7.9,10.7,62,6,5.6,1,Tinggi
37,9.3,12.5,15,8,6.8,1,Sedang
40,11.1,12.9,63,5,7.4,3,Sedang
39,6.1,7.0,33,3,8.3,3,Rendah
23,11.0,12.6,94,6,7.9,2,Sedang
29,6.4,6.7,19,6,6.4,1,Sedang
24,9.4,11.8,21,2,6.0,3,Rendah
40,2.2,4.4,14,5,6.7,2,Rendah
33,5.5,8.0,75,3,8.9,2,Sedang
17,4.7,8.0,80,7,7.9,2,Sedang
33,9.7,11.9,35,3,7.3,1,Sedang
38,11.2,13.4,67,2,7.0,2,Sedang
25,7.1,10.4,27,5,8.8,1,Sedang
34,2.2,5.5,53,6,6.5,3,Rendah
16,2.0,5.3,79,1,7.8,3,Rendah
19,6.0,7.2,83,8,5.0,3,Sedang
25,4.3,7.5,91,5,8.6,2,Sedang
37,11.8,12.9,16,1,7.1,3,Rendah
27,10.3,13.7,12,6,8.5,1,Sedang
15,8.7,12.0,50,2,8.3,1,Sedang
22,5.7,8.1,85,6,7.6,2,Sedang
27,5.8,6.6,27,8,4.7,3,Sedang
27,10.3,11.7,58,3,5.4,3,Sedang
19,2.5,2.8,7,3,7.6,2,Rendah
36,5.8,9.8,15,3,7.2,2,Rendah
29,10.8,13.6,59,3,6.3,2,Sedang
32,10.0,11.5,33,3,6.1,1,Sedang
33,6.5,9.4,96,5,6.1,3,Sedang
33,5.0,8.9,77,8,7.5,1,Sedang
33,6.3,9.1,23,5,6.3,1,Sedang
31,10.8,11.2,65,2,7.4,3,Sedang
40,7.4,9.9,48,1,6.3,3,Rendah
30,7.3,8.6,50,5,5.4,1,Sedang
37,11.2,14.0,98,5,4.3,2,Tinggi
33,2.9,3.1,42,1,5.4,1,Rendah
19,6.6,10.0,40,5,4.7,2,Sedang
23,10.4,10.5,19,3,8.6,3,Rendah
19,8.3,9.8,27,5,7.9,1,Sedang
30,3.0,5.1,9,6,8.9,1,Rendah
34,11.3,11.9,68,7,7.9,1,Tinggi
36,5.8,8.4,31,6,4.3,2,Sedang
39,10.0,10.2,64,7,6.4,2,Sedang
38,11.4,14.7,34,7,7.4,2,Sedang
30,3.9,6.0,60,1,5.4,2,Rendah
27,8.5,12.3,92,1,4.5,3,Sedang
35,4.9,8.3,83,5,5.7,2,Sedang
40,2.1,4.7,55,8,7.9,3,Rendah
22,9.1,11.5,29,6,7.4,1,Sedang
25,7.0,9.7,13,1,6.1,3,Rendah
18,8.5,9.9,97,5,5.3,1,Tinggi
15,7.8,8.0,81,4,8.8,3,Rendah
18,8.8,9.3,82,3,5.9,3,Sedang
33,9.8,10.5,19,3,5.3,2,Sedang
36,11.3,13.7,40,7,7.5,3,Sedang
39,9.5,10.5,14,5,7.9,2,Sedang
27,4.7,4.9,38,3,6.2,2,Rendah
21,7.7,8.4,67,2,4.7,2,Sedang
21,7.8,8.2,61,5,4.5,1,Tinggi
17,7.3,8.3,62,1,8.5,1,Sedang
35,8.0,11.7,90,7,5.3,3,Sedang
25,11.0,13.3,70,8,6.4,2,Sedang
38,9.6,12.7,74,4,4.0,3,Sedang
39,6.3,8.6,50,6,7.4,2,Sedang
16,8.0,11.8,16,6,6.7,2,Sedang
17,10.3,13.3,42,4,4.9,1,Tinggi
27,8.3,9.5,54,2,7.2,2,Sedang
30,1.9,4.4,99,4,4.7,1,Sedang
15,8.9,11.3,67,7,4.3,3,Tinggi
35,4.4,6.5,62,1,4.2,1,Sedang
25,9.7,9.9,20,4,8.0,3,Rendah
31,6.0,8.7,73,3,7.7,1,Sedang
17,1.4,2.0,88,1,6.4,3,Rendah
16,3.7,6.3,6,3,7.2,2,Rendah
40,2.1,4.5,80,2,8.1,1,Rendah
18,6.5,9.7,33,2,8.0,2,Rendah
25,9.9,13.8,91,7,5.6,3,Sedang
33,7.0,8.3,32,1,7.0,2,Rendah
17,2.3,2.9,58,3,7.5,3,Rendah
20,5.8,9.5,10,3,4.5,3,Sedang
34,5.1,5.7,67,2,4.0,1,Sedang
17,8.8,11.2,41,7,7.5,2,Sedang
37,2.4,3.0,39,8,6.1,1,Rendah
34,8.6,11.0,96,8,7.1,1,Tinggi
35,10.1,11.3,58,1,6.8,1,Sedang
18,11.9,14.9,84,6,8.3,3,Sedang
31,3.4,6.5,89,4,5.4,1,Sedang
18,9.8,12.5,65,8,4.9,3,Tinggi
16,1.6,3.1,31,7,5.3,3,Rendah
40,10.8,12.6,18,1,8.6,1,Sedang
20,9.6,11.5,19,2,8.5,3,Rendah
29,7.5,8.8,30,6,5.2,1,Sedang
25,3.5,4.4,57,4,5.9,1,Rendah
17,6.2,8.1,60,3,5.1,3,Sedang
29,3.0,4.5,63,4,7.2,2,Rendah
21,4.7,4.8,77,1,5.4,1,Rendah
29,6.0,6.7,48,4,8.4,3,Rendah
20,9.7,12.3,83,3,6.9,3,Sedang
22,2.0,5.4,67,4,7.0,2,Rendah
23,1.2,2.9,36,4,5.6,3,Rendah
22,10.8,13.2,24,1,6.1,1,Sedang
16,11.9,14.2,69,1,6.1,2,Sedang
30,9.9,12.7,17,8,6.5,1,Sedang
32,9.3,12.1,57,4,4.7,2,Sedang
22,8.1,8.5,66,5,4.8,2,Tinggi
33,9.2,9.3,63,8,7.9,3,Sedang
27,3.0,6.5,85,8,7.5,1,Sedang
35,1.8,5.4,47,1,5.5,2,Rendah
37,11.4,13.4,31,2,7.1,2,Sedang
38,11.3,13.2,91,6,8.4,1,Tinggi
27,5.0,7.5,51,6,4.9,3,Sedang
37,1.7,4.5,31,3,8.9,1,Rendah
32,2.2,4.1,79,4,7.8,1,Rendah
25,4.9,6.0,92,7,5.4,1,Sedang
26,4.8,6.7,72,2,6.4,3,Rendah
36,10.1,13.7,62,6,8.0,3,Sedang
40,11.8,14.6,29,8,4.4,2,Sedang
20,4.2,8.0,18,3,5.4,3,Rendah
19,6.5,10.0,71,1,5.5,3,Sedang
32,11.2,13.0,58,8,7.7,1,Sedang
24,3.1,3.2,34,6,6.1,2,Rendah
35,8.1,9.4,80,8,6.3,3,Sedang
19,10.9,12.1,38,4,6.4,2,Sedang
39,10.3,10.9,41,8,8.8,3,Sedang
20,8.8,9.9,27,3,4.8,1,Sedang
16,11.9,13.7,61,5,5.8,1,Tinggi
32,8.8,11.5,49,3,5.9,3,Sedang
20,6.9,7.4,8,7,8.7,1,Sedang
29,11.2,11.8,99,6,7.2,2,Sedang
30,10.9,14.8,78,3,8.0,3,Sedang
29,4.7,5.1,66,1,4.7,3,Rendah
18,4.4,6.0,33,8,5.8,2,Sedang
16,7.7,8.5,72,4,7.9,2,Sedang
21,1.2,3.4,62,2,8.9,2,Rendah
21,6.4,8.8,70,1,8.5,2,Rendah
